CHR	GENE	N_SNPS	ZSCORE	PVAL
7	ENSG00000006747.10	36	3.34618954000958	0.000819303703832976
7	ENSG00000146648.11	12	-0.0138633899456084	0.988938969512987
7	ENSG00000239857.2	33	1.63770515189065	0.101483215390685
