Gene	Estimate	Std. Error	z value	Pr(>|z|)	Deviance	DF Residual
ENSG00000006747.10	55.1819617527819	643967.189935122	8.56906417209569e-05	0.999931628760049	3.15401038618468e-10	0
ENSG00000146648.11	-327.867145115118	3826172.3955973	-8.56906357623582e-05	0.999931628764804	3.15401038618468e-10	0
ENSG00000239857.2	275.58064503916	3215994.70481211	8.56906401701494e-05	0.999931628761287	3.15401038618468e-10	0
