Gene	Estimate	Std. Error	z value	Pr(>|z|)	Deviance	DF Residual
ENSG00000006747.10	30.4136263260076	643967.107378625	4.72285400566673e-05	0.999962317077074	3.15401038618468e-10	0
ENSG00000146648.11	-180.704505975608	3826171.75460433	-4.72285400565598e-05	0.999962317077074	3.15401038618468e-10	0
ENSG00000239857.2	151.886722092454	3215994.43694248	4.72285400583142e-05	0.999962317077072	3.15401038618468e-10	0
